INSERT intranet.Pessoa (id,email,login,matricula,nome,senha) VALUES  (1,"admin@admin.com","admin",123123123,"Administrador","ISMvKXpXpadDiUoOSoAfww==");
INSERT intranet.Professor VALUES  (1);
INSERT intranet.Rule VALUES (1,"RULE_CURSO_NOVO");
INSERT intranet.Rule VALUES (2,"RULE_CURSO_LISTA");
INSERT intranet.Rule VALUES (3,"RULE_EVENTO_NOVO");
INSERT intranet.Rule VALUES (4,"RULE_EVENTO_ALTERA");
INSERT intranet.Rule VALUES (5,"RULE_EVENTO_DELETA");
INSERT intranet.Rule VALUES (6,"RULE_EVENTO_LISTA");
INSERT intranet.Rule VALUES (7,"RULE_DISCIPLINA_LISTA");
INSERT intranet.Rule VALUES (8,"RULE_DISCIPLINA_NOVO");
INSERT intranet.Rule VALUES (9,"RULE_DISCIPLINA_SALVA");
INSERT intranet.Rule VALUES (10,"RULE_DISCIPLINA_ALTERA");
INSERT intranet.Rule VALUES (11,"RULE_NOTICIA_LISTA");
INSERT intranet.Rule VALUES (12,"RULE_NOTICIA_SALVA");
INSERT intranet.Rule VALUES (13,"RULE_PROFESSOR_SALVA");
INSERT intranet.Rule VALUES (14,"RULE_PROFESSOR_LISTA");
INSERT intranet.Rule VALUES (15,"RULE_PROFESSOR_ALTERA");
INSERT intranet.Rule VALUES (16,"RULE_UPLOAD_NOVO");
INSERT intranet.Rule VALUES (17,"RULE_UPLOAD_LISTA");
INSERT intranet.Rule VALUES (18,"RULE_UPLOAD_DELETA");
INSERT intranet.Rule VALUES (19,"RULE_NOTICIA_ALTERA");
INSERT intranet.Rule VALUES (20,"RULE_NOTICIA_DELETE");
INSERT intranet.Rule VALUES (21,"RULE_CURSO_DELETA");
INSERT intranet.Rule VALUES (22,"RULE_CURSO_ALTERA");
INSERT intranet.Rule VALUES (23,"RULE_PROFESSOR_DELETE");
INSERT intranet.Rule VALUES (24,"RULE_DISCIPLINA_DELETE");
INSERT intranet.Rule VALUES (25,"RULE_DISCIPLINA_LETIVA_SAVE");
INSERT intranet.Rule VALUES (26,"RULE_DISCIPLINA_LETIVA_LISTA");
INSERT intranet.Rule VALUES (27,"RULE_DISCIPLINA_LETIVA_ALTERA");
INSERT intranet.Rule VALUES (28,"RULE_DISCIPLINA_LETIVA_DELETE");
INSERT intranet.Rule VALUES (29,"RULE_ALUNOS_LISTA");
INSERT intranet.Rule VALUES (30,"RULE_ALUNOS_SAVE");
INSERT intranet.Rule VALUES (31,"RULE_ALUNOS_ALTERA");
INSERT intranet.Rule VALUES (32,"RULE_LISTA_AEP");
INSERT intranet.Rule VALUES (33,"RULE_DELETA_AEP");
INSERT intranet.Rule VALUES (34,"RULE_ALTERA_AEP");
INSERT intranet.Rule VALUES (35,"RULE_SALVA_AEP");
INSERT intranet.Rule VALUES (36,"RULE_LISTA_COMPLEMENTAR");
INSERT intranet.Rule VALUES (37,"RULE_DELETA_COMPLEMENTAR");
INSERT intranet.Rule VALUES (38,"RULE_ALTERA_COMPLEMENTAR");
INSERT intranet.Rule VALUES (39,"RULE_SALVA_COMPLEMENTAR");
INSERT intranet.Rule VALUES (40,"RULE_VAGA_NOVO");
INSERT intranet.Rule VALUES (41,"RULE_VAGA_ALTERA");
INSERT intranet.Rule VALUES (42,"RULE_VAGA_DELETA");
INSERT intranet.Rule VALUES (43,"RULE_VAGA_LISTA");
INSERT intranet.Rule VALUES (44,"RULE_EMPRESA_NOVO");
INSERT intranet.pessoa_rule VALUES (1,1);
INSERT intranet.pessoa_rule VALUES (1,2);
INSERT intranet.pessoa_rule VALUES (1,3);
INSERT intranet.pessoa_rule VALUES (1,4);
INSERT intranet.pessoa_rule VALUES (1,5);
INSERT intranet.pessoa_rule VALUES (1,6);
INSERT intranet.pessoa_rule VALUES (1,7);
INSERT intranet.pessoa_rule VALUES (1,8);
INSERT intranet.pessoa_rule VALUES (1,9);
INSERT intranet.pessoa_rule VALUES (1,10);
INSERT intranet.pessoa_rule VALUES (1,11);
INSERT intranet.pessoa_rule VALUES (1,12);
INSERT intranet.pessoa_rule VALUES (1,13);
INSERT intranet.pessoa_rule VALUES (1,14);
INSERT intranet.pessoa_rule VALUES (1,15);
INSERT intranet.pessoa_rule VALUES (1,16);
INSERT intranet.pessoa_rule VALUES (1,17);
INSERT intranet.pessoa_rule VALUES (1,18);
INSERT intranet.pessoa_rule VALUES (1,19);
INSERT intranet.pessoa_rule VALUES (1,20);
INSERT intranet.pessoa_rule VALUES (1,21);
INSERT intranet.pessoa_rule VALUES (1,22);
INSERT intranet.pessoa_rule VALUES (1,23);
INSERT intranet.pessoa_rule VALUES (1,24);
INSERT intranet.pessoa_rule VALUES (1,25);
INSERT intranet.pessoa_rule VALUES (1,26);
INSERT intranet.pessoa_rule VALUES (1,27);
INSERT intranet.pessoa_rule VALUES (1,28);
INSERT intranet.pessoa_rule VALUES (1,29);
INSERT intranet.pessoa_rule VALUES (1,30);
INSERT intranet.pessoa_rule VALUES (1,31);
INSERT intranet.pessoa_rule VALUES (1,32);
INSERT intranet.pessoa_rule VALUES (1,33);
INSERT intranet.pessoa_rule VALUES (1,34);
INSERT intranet.pessoa_rule VALUES (1,35);
INSERT intranet.pessoa_rule VALUES (1,36);
INSERT intranet.pessoa_rule VALUES (1,37);
INSERT intranet.pessoa_rule VALUES (1,38);
INSERT intranet.pessoa_rule VALUES (1,39);
INSERT intranet.pessoa_rule VALUES (1,40);
INSERT intranet.pessoa_rule VALUES (1,41);
INSERT intranet.pessoa_rule VALUES (1,42);
INSERT intranet.pessoa_rule VALUES (1,43);
INSERT intranet.pessoa_rule VALUES (1,44);
INSERT intranet.Curso (id,cargaHorariaComplementar,nome) VALUES  (1,220,"Sistema de Informaaao");
INSERT intranet.Curso (id,cargaHorariaComplementar,nome) VALUES  (2,180,"Marketing");
INSERT intranet.Curso (id,cargaHorariaComplementar,nome) VALUES  (3,330,"Direito");
INSERT intranet.Curso (id,cargaHorariaComplementar,nome) VALUES  (4,200,"Turismo");
INSERT intranet.Curso (id,cargaHorariaComplementar,nome) VALUES  (5,150,"Negacios Imobiliarios");
INSERT intranet.Curso (id,cargaHorariaComplementar,nome) VALUES  (6,128,"Gestao Comercial");
INSERT intranet.Curso (id,cargaHorariaComplementar,nome) VALUES  (7,179,"Redes de Computadores");
INSERT intranet.Disciplina (id,nome) VALUES (1,"Linguagem e Tecnicas de Programaaao I");
INSERT intranet.Disciplina (id,nome) VALUES (2,"Linguagem e Tecnicas de Programaaao II");
INSERT intranet.Disciplina (id,nome) VALUES (3,"Linguagem e Tecnicas de Programaaao III");
INSERT intranet.Disciplina (id,nome) VALUES (4,"Linguagem e Tecnicas de Programaaao IV");
INSERT intranet.Disciplina (id,nome) VALUES (5,"Legislaaao e atica");
INSERT intranet.Disciplina (id,nome) VALUES (6,"Ciancia Polatica E Teoria do Estado ");	
INSERT intranet.Disciplina (id,nome) VALUES (7,"Direito Processual Civil III");
INSERT intranet.Disciplina (id,nome) VALUES (8,"Direito Administrativo I");	
INSERT intranet.Disciplina (id,nome) VALUES (9,"Direito Processual Civil IV");
INSERT intranet.Disciplina (id,nome) VALUES (10,"Direito Administrativo II");	
INSERT intranet.Disciplina (id,nome) VALUES (11,"Direito Processual do Trabalho");
INSERT intranet.Disciplina (id,nome) VALUES (12,"Direito Administrativo III"); 	
INSERT intranet.Disciplina (id,nome) VALUES (13,"Direito Processual Penal II");
INSERT intranet.Disciplina (id,nome) VALUES (14,"Direito Ambiental"); 	
INSERT intranet.Disciplina (id,nome) VALUES (15,"Direito Reais");
INSERT intranet.Disciplina (id,nome) VALUES (16,"Direito Constitucional I"); 	
INSERT intranet.Disciplina (id,nome) VALUES (17,"Direito Tributario I");
INSERT intranet.Disciplina (id,nome) VALUES (18,"Direito Constitucional II");	
INSERT intranet.Disciplina (id,nome) VALUES (19,"Direito Tributario II");
INSERT intranet.Disciplina (id,nome) VALUES (20,"Direito das Obrigaaaes"); 	
INSERT intranet.Disciplina (id,nome) VALUES (21,"Direito Urbanastico E Registros Pablicos");
INSERT intranet.Disciplina (id,nome) VALUES (22,"Direito das Sucessaes"); 	
INSERT intranet.Disciplina (id,nome) VALUES (23,"Direitos Dos Contratos E Responsabilidade Civil");
INSERT intranet.Disciplina (id,nome) VALUES (24,"Direito de Famalia"); 	
INSERT intranet.Disciplina (id,nome) VALUES (25,"Direitos Fundamentais");
INSERT intranet.Disciplina (id,nome) VALUES (26,"Direito do Consumidor"); 	
INSERT intranet.Disciplina (id,nome) VALUES (27,"Disciplina da anfase Escolhida");
INSERT intranet.Disciplina (id,nome) VALUES (28,"Direito do Trabalho I"); 	
INSERT intranet.Disciplina (id,nome) VALUES (29,"atica Geral e Profissional");
INSERT intranet.Disciplina (id,nome) VALUES (30,"Direito do Trabalho II");	
INSERT intranet.Disciplina (id,nome) VALUES (31,"Filosofia Geral e do Direito");
INSERT intranet.Disciplina (id,nome) VALUES (32,"Direito Empresarial I"); 	
INSERT intranet.Disciplina (id,nome) VALUES (33,"Fundamentos da Economia");
INSERT intranet.Disciplina (id,nome) VALUES (34,"Direito Empresarial II"); 	
INSERT intranet.Disciplina (id,nome) VALUES (35,"Introduaao Ao Estudo do Direito I");
INSERT intranet.Disciplina (id,nome) VALUES (36,"Direito Empresarial III"); 	
INSERT intranet.Disciplina (id,nome) VALUES (37,"Introduaao Ao Estudo do Direito II");
INSERT intranet.Disciplina (id,nome) VALUES (38,"Direito Empresarial IV");	
INSERT intranet.Disciplina (id,nome) VALUES (39,"Introduaao as Ciancias Sociais");
INSERT intranet.Disciplina (id,nome) VALUES (40,"Direito Financeiro"); 	
INSERT intranet.Disciplina (id,nome) VALUES (41,"Linguagem Juradica");
INSERT intranet.Disciplina (id,nome) VALUES (42,"Direito Internacional Privado"); 	
INSERT intranet.Disciplina (id,nome) VALUES (43,"Metodologia da Pesquisa Juradica");
INSERT intranet.Disciplina (id,nome) VALUES (44,"Direito Internacional Pablico");	
INSERT intranet.Disciplina (id,nome) VALUES (45,"Pratica Juradica Cavel I");
INSERT intranet.Disciplina (id,nome) VALUES (46,"Direito Penal Econamico");	
INSERT intranet.Disciplina (id,nome) VALUES (47,"Pratica Juradica Cavel II");
INSERT intranet.Disciplina (id,nome) VALUES (48,"Direito Penal I"); 	
INSERT intranet.Disciplina (id,nome) VALUES (49,"Pratica Juradica Penal I");
INSERT intranet.Disciplina (id,nome) VALUES (50,"Direito Penal II");	
INSERT intranet.Disciplina (id,nome) VALUES (51,"Pratica Juradica Penal II");
INSERT intranet.Disciplina (id,nome) VALUES (52,"Direito Penal III"); 	
INSERT intranet.Disciplina (id,nome) VALUES (53,"Pratica Juradica Trabalhista E Administrativa");
INSERT intranet.Disciplina (id,nome) VALUES (54,"Direito Penal IV");	
INSERT intranet.Disciplina (id,nome) VALUES (55,"Psicologia Geral E Juradica");
INSERT intranet.Disciplina (id,nome) VALUES (56,"Direito Processual Civil I"); 	
INSERT intranet.Disciplina (id,nome) VALUES (57,"Sociologia Juradica");
INSERT intranet.Disciplina (id,nome) VALUES (58,"Direito Processual Civil II"); 	
INSERT intranet.Disciplina (id,nome) VALUES (59,"Teoria Geral do Direito Privado");
INSERT intranet.Disciplina (id,nome) VALUES (60,"Direito Processual Penal I"); 	
INSERT intranet.Disciplina (id,nome) VALUES (61,"Teoria Geral do Processo");
INSERT intranet.Curso_Disciplina (cursos_id, disciplinas_id) VALUES (1,1);
INSERT intranet.Curso_Disciplina (cursos_id, disciplinas_id) VALUES (1,2);
INSERT intranet.Curso_Disciplina (cursos_id, disciplinas_id) VALUES (1,3);
INSERT intranet.Curso_Disciplina (cursos_id, disciplinas_id) VALUES (1,4);
INSERT intranet.Curso_Disciplina (cursos_id, disciplinas_id) VALUES (1,5);
INSERT intranet.Curso_Disciplina (cursos_id, disciplinas_id) VALUES (2,5);
INSERT intranet.Curso_Disciplina (cursos_id, disciplinas_id) VALUES (3,6);
INSERT intranet.Curso_Disciplina (cursos_id, disciplinas_id) VALUES (3,7);
INSERT intranet.Curso_Disciplina (cursos_id, disciplinas_id) VALUES (3,8);
INSERT intranet.Curso_Disciplina (cursos_id, disciplinas_id) VALUES (3,9);
INSERT intranet.Curso_Disciplina (cursos_id, disciplinas_id) VALUES (3,10);
INSERT intranet.Curso_Disciplina (cursos_id, disciplinas_id) VALUES (3,11);
INSERT intranet.Curso_Disciplina (cursos_id, disciplinas_id) VALUES (3,12);
INSERT intranet.Curso_Disciplina (cursos_id, disciplinas_id) VALUES (3,13);
INSERT intranet.Curso_Disciplina (cursos_id, disciplinas_id) VALUES (3,14);
INSERT intranet.Curso_Disciplina (cursos_id, disciplinas_id) VALUES (3,15);
INSERT intranet.Curso_Disciplina (cursos_id, disciplinas_id) VALUES (3,16);
INSERT intranet.Curso_Disciplina (cursos_id, disciplinas_id) VALUES (3,17);
INSERT intranet.Curso_Disciplina (cursos_id, disciplinas_id) VALUES (3,18);
INSERT intranet.Curso_Disciplina (cursos_id, disciplinas_id) VALUES (3,19);
INSERT intranet.Curso_Disciplina (cursos_id, disciplinas_id) VALUES (3,20);
INSERT intranet.Curso_Disciplina (cursos_id, disciplinas_id) VALUES (3,21);
INSERT intranet.Curso_Disciplina (cursos_id, disciplinas_id) VALUES (3,22);
INSERT intranet.Curso_Disciplina (cursos_id, disciplinas_id) VALUES (3,23);
INSERT intranet.Curso_Disciplina (cursos_id, disciplinas_id) VALUES (3,24);
INSERT intranet.Curso_Disciplina (cursos_id, disciplinas_id) VALUES (3,25);
INSERT intranet.Curso_Disciplina (cursos_id, disciplinas_id) VALUES (3,26);
INSERT intranet.Curso_Disciplina (cursos_id, disciplinas_id) VALUES (3,27);
INSERT intranet.Curso_Disciplina (cursos_id, disciplinas_id) VALUES (3,28);
INSERT intranet.Curso_Disciplina (cursos_id, disciplinas_id) VALUES (3,29);
INSERT intranet.Curso_Disciplina (cursos_id, disciplinas_id) VALUES (3,30);
INSERT intranet.Curso_Disciplina (cursos_id, disciplinas_id) VALUES (3,31);
INSERT intranet.Curso_Disciplina (cursos_id, disciplinas_id) VALUES (3,32);
INSERT intranet.Curso_Disciplina (cursos_id, disciplinas_id) VALUES (3,33);
INSERT intranet.Curso_Disciplina (cursos_id, disciplinas_id) VALUES (3,34);
INSERT intranet.Curso_Disciplina (cursos_id, disciplinas_id) VALUES (3,35);
INSERT intranet.Curso_Disciplina (cursos_id, disciplinas_id) VALUES (3,36);
INSERT intranet.Curso_Disciplina (cursos_id, disciplinas_id) VALUES (3,37);
INSERT intranet.Curso_Disciplina (cursos_id, disciplinas_id) VALUES (3,38);
INSERT intranet.Curso_Disciplina (cursos_id, disciplinas_id) VALUES (3,39);
INSERT intranet.Curso_Disciplina (cursos_id, disciplinas_id) VALUES (3,40);
INSERT intranet.Curso_Disciplina (cursos_id, disciplinas_id) VALUES (3,41);
INSERT intranet.Curso_Disciplina (cursos_id, disciplinas_id) VALUES (3,42);
INSERT intranet.Curso_Disciplina (cursos_id, disciplinas_id) VALUES (3,43);
INSERT intranet.Curso_Disciplina (cursos_id, disciplinas_id) VALUES (3,44);
INSERT intranet.Curso_Disciplina (cursos_id, disciplinas_id) VALUES (3,45);
INSERT intranet.Curso_Disciplina (cursos_id, disciplinas_id) VALUES (3,46);
INSERT intranet.Curso_Disciplina (cursos_id, disciplinas_id) VALUES (3,47);
INSERT intranet.Curso_Disciplina (cursos_id, disciplinas_id) VALUES (3,48);
INSERT intranet.Curso_Disciplina (cursos_id, disciplinas_id) VALUES (3,49);
INSERT intranet.Curso_Disciplina (cursos_id, disciplinas_id) VALUES (3,50);
INSERT intranet.Curso_Disciplina (cursos_id, disciplinas_id) VALUES (3,51);
INSERT intranet.Curso_Disciplina (cursos_id, disciplinas_id) VALUES (3,52);
INSERT intranet.Curso_Disciplina (cursos_id, disciplinas_id) VALUES (3,53);
INSERT intranet.Curso_Disciplina (cursos_id, disciplinas_id) VALUES (3,54);
INSERT intranet.Curso_Disciplina (cursos_id, disciplinas_id) VALUES (3,55);
INSERT intranet.Curso_Disciplina (cursos_id, disciplinas_id) VALUES (3,56);
INSERT intranet.Curso_Disciplina (cursos_id, disciplinas_id) VALUES (3,57);
INSERT intranet.Curso_Disciplina (cursos_id, disciplinas_id) VALUES (3,58);
INSERT intranet.Curso_Disciplina (cursos_id, disciplinas_id) VALUES (3,59);
INSERT intranet.Curso_Disciplina (cursos_id, disciplinas_id) VALUES (3,60);
INSERT intranet.Curso_Disciplina (cursos_id, disciplinas_id) VALUES (3,61);
INSERT intranet.Pessoa (id,email,login,matricula,nome,senha)  VALUES  (2,"gabrielcastilho.cardelli@gmail.com","gabriel",1232345345,"Gabriel","ISMvKXpXpadDiUoOSoAfww==");
INSERT intranet.Aluno VALUES  (4,"ATIVA",2,1);
INSERT intranet.Pessoa  (id,email,login,matricula,nome,senha) VALUES  (3,"phellipe86@gmail.com","taaqui",1231233,"Felipe","ISMvKXpXpadDiUoOSoAfww==");
INSERT intranet.Aluno VALUES  (5,"ATIVA",3,1);
INSERT intranet.Pessoa  (id,email,login,matricula,nome,senha) VALUES  (4,"phellipe@gmail.com","prof",23432446,"professor","ISMvKXpXpadDiUoOSoAfww==");
INSERT intranet.Professor VALUES  (4);
INSERT intranet.DisciplinaLetiva VALUES  (1,2011,"06",1,"manha",1,4);
INSERT intranet.DisciplinaLetiva VALUES  (2,2011,"12",1,"tarde",2,4);
INSERT intranet.DisciplinaLetiva VALUES  (3,2011,"21",2,"noite",1,4);
INSERT intranet.DisciplinaLetiva VALUES  (4,2011,"14",2,"manha",2,4);
INSERT intranet.DisciplinaLetiva VALUES  (5,2011,"06",1,"manha",36,4);
INSERT intranet.DisciplinaLetiva VALUES  (6,2011,"12",1,"tarde",45,4);
INSERT intranet.DisciplinaLetiva VALUES  (7,2011,"21",2,"noite",13,4);
INSERT intranet.DisciplinaLetiva VALUES  (8,2011,"14",2,"manha",17,4);
INSERT intranet.DisciplinaLetiva_Aluno VALUES  (1,2);
INSERT intranet.DisciplinaLetiva_Aluno VALUES  (2,2);
INSERT intranet.DisciplinaLetiva_Aluno VALUES  (1,3);
INSERT intranet.DisciplinaLetiva_Aluno VALUES  (2,3);
INSERT intranet.DisciplinaLetiva_Aluno VALUES  (8,2);
INSERT intranet.Horario VALUES(1,"2011","18:50","18:10",1);
INSERT intranet.Horario VALUES(2,"2011","19:35","18:55",1);
INSERT intranet.Horario VALUES(3,"2011","20:20","19:40",1);
INSERT intranet.Horario VALUES(4,"2011","21:05","20:25",1);
INSERT intranet.Horario VALUES(5,"2011","21:55","21:15",1);
INSERT intranet.Horario VALUES(6,"2011","22:40","22:00",1);
INSERT intranet.DisciplinaLetivaHorario VALUES  ("SEGUNDA",1,1);
INSERT intranet.DisciplinaLetivaHorario VALUES  ("QUARTA",2,2);
INSERT intranet.DisciplinaLetivaHorario VALUES  ("TERCA",3,3);
INSERT intranet.Hora values (1,2);
INSERT intranet.Hora values (2,2);
INSERT intranet.Hora values (3,2);
INSERT intranet.Hora values (4,2);
INSERT intranet.Hora values (5,2);
INSERT intranet.Hora values (6,2);
INSERT intranet.Atividade values (1,"Disciplinas Extracurriculares oferecidas pelos cursos",40);
INSERT intranet.Atividade values (2,"Disciplinas Extracurriculares em outros cursos ou IES, em reas afins", 40);
INSERT intranet.Atividade values (3,"Projetos de pesquisa ou iniciao cientfica orientados por Docentes da Faculdade", 40);
INSERT intranet.Atividade values (4,"Programas de Extenso orientados por docentes da faculdade", 40);
INSERT intranet.Atividade values (5,"Monitoria nos cursos", 40);
INSERT intranet.Atividade values (6,"Eventos diversos, de interesses dos alunos", 40);
INSERT intranet.Atividade values (7,"Assistncia a defesa de monografias, dissertaes de Mestrado ou teses de Doutorado", 40);
INSERT intranet.Atividade values (8,"Cursos de Idiomas", 40);
INSERT intranet.Atividade values (9,"Cursos na rea da computao e informtica", 40);
INSERT intranet.Atividade values (10,"Participao em atividades extracurricular de assistncia ou assessoria em rea de interesse dos cursos, diretamente ou por intermdio de associaes,sindicatos,ONGs,mediante convnio com a faculdade", 40);
INSERT intranet.Atividade values (11,"Estgios extracurriculares", 40);
INSERT intranet.Atividade values (12,"Participao em programas de Extenso, pesquisa, iniciao cientfica ou cursos da rea de interesse da graduao ou fins", 40);
INSERT intranet.Atividade values (13,"Participao em programas de voluntariado", 40);
INSERT intranet.Atividade values (14,"Visitas orientadas", 40);
INSERT intranet.Atividade values (15,"Semana do curso", 40);
INSERT intranet.HoraAEP values ("2010-10-10","11:40","11:20",1);
INSERT intranet.HoraAEP values ("2010-10-10","12:40","12:20",2);
INSERT intranet.HoraAEP values ("2010-10-10","14:40","13:20",3);
INSERT intranet.HoraComplementar values (100,"Evento 1",4,1);
INSERT intranet.HoraComplementar values (50,"Evento 2",5,2);
INSERT intranet.HoraComplementar values (30,"Evento 3",6,1);
INSERT intranet.Endereco values (1,"Ramos","22445511","Rio de Janeiro","apar 201","Rio de janeiro","80","BRASIL","Rua Aurelinao lessa",true);
INSERT intranet.Endereco values (2,"Ramos","22445511","Rio de Janeiro","apar 201","Rio de janeiro","80","BRASIL","Rua Aurelinao lessa",false);
INSERT intranet.Endereco values (3,"Ramos","22445511","Rio de Janeiro","apar 201","Rio de janeiro","80","BRASIL","Rua Aurelinao lessa",true);
INSERT intranet.Empresa values (1,"Instituto de matemtica","Impa","Desenvolvimento","www.impa.br",1);
INSERT intranet.Empresa values (2,"Panasonic","Panasonic","Desenvolvimento","www.impa.br",2);
INSERT intranet.Empresa values (3,"Sao Luiz","Grupo Sao Luiz","Desenvolvimento","www.impa.br",3);
INSERT intranet.AreaProfissional values (1,"Telecomunicacao");
INSERT intranet.AreaProfissional values (2,"Redes");
INSERT intranet.AreaProfissional values (3,"Sistemas");
INSERT intranet.Vaga (id,horarioDaVaga,beneficios,cargo,faixaSalarial,areaProfissional_id,empresa_id) values (1,"10 as 13","BOLSA FAMILIA","Estagiario","FAIXA2",3,3);
INSERT intranet.Vaga (id,horarioDaVaga,beneficios,cargo,faixaSalarial,areaProfissional_id,empresa_id) values (2,"10 as 13","BOLSA FAMILIA","Estagiario","FAIXA2",3,3);
INSERT intranet.Vaga (id,horarioDaVaga,beneficios,cargo,faixaSalarial,areaProfissional_id,empresa_id) values (3,"10 as 13","BOLSA FAMILIA","Estagiario","FAIXA2",3,3);